-- H2 2.2.224; 
;              
CREATE USER IF NOT EXISTS "SA" SALT '9cbd10ae398630c5' HASH '7b5ab4a2473cd18b0793d80e47a4d0ff3eec6cb4cc2b8f61e31f9338ff652a42' ADMIN;          
CREATE MEMORY TABLE "PUBLIC"."ASSIGNED_VARIANT_ATTRIBUTE_VALUES"(
    "ASSIGNED_VARIANT_ATTRIBUTE_ID" UUID NOT NULL,
    "ATTRIBUTE_VALUE_ID" UUID NOT NULL
); 
-- 40 +/- SELECT COUNT(*) FROM PUBLIC.ASSIGNED_VARIANT_ATTRIBUTE_VALUES;       
INSERT INTO "PUBLIC"."ASSIGNED_VARIANT_ATTRIBUTE_VALUES" VALUES(UUID '54712ad8-ce80-4238-b1f6-8b06ed69dea9', UUID '89ef719d-9835-43d1-9328-2a23c3391d3b');     
INSERT INTO "PUBLIC"."ASSIGNED_VARIANT_ATTRIBUTE_VALUES" VALUES(UUID '01b31240-90fa-4cb9-9939-8e71b3203b7f', UUID '698b8040-4450-421b-a357-f88ddc93179e');     
INSERT INTO "PUBLIC"."ASSIGNED_VARIANT_ATTRIBUTE_VALUES" VALUES(UUID '5c56754d-94a7-4cfe-a955-6a8427abd8ee', UUID 'c72b5437-2717-46c8-b288-451a182a6d2d');     
INSERT INTO "PUBLIC"."ASSIGNED_VARIANT_ATTRIBUTE_VALUES" VALUES(UUID '3fb0d534-0a08-48ae-89f6-d5e7b9b32771', UUID '1b95aebd-5661-4965-84cf-afd5664d6687');     
INSERT INTO "PUBLIC"."ASSIGNED_VARIANT_ATTRIBUTE_VALUES" VALUES(UUID '51fedc1c-129a-4d1a-8426-44f953393270', UUID '6854f25b-4f20-40d9-8c32-cf6be936e083');     
INSERT INTO "PUBLIC"."ASSIGNED_VARIANT_ATTRIBUTE_VALUES" VALUES(UUID 'dca7e61a-a7bd-42f4-a79f-02da6773f6b5', UUID '5332ac5a-e4f8-4e1c-a5ca-15354e4e77c8');     
INSERT INTO "PUBLIC"."ASSIGNED_VARIANT_ATTRIBUTE_VALUES" VALUES(UUID '7955a2d5-3890-440e-b6aa-259484e6d060', UUID '94b27ed4-9fab-4eb5-a634-15c034d7b722');     
INSERT INTO "PUBLIC"."ASSIGNED_VARIANT_ATTRIBUTE_VALUES" VALUES(UUID '12b7e81d-fe40-4e4b-aa32-c510ca808850', UUID '142142f8-b660-44b1-b677-771bc1aedbb1');     
INSERT INTO "PUBLIC"."ASSIGNED_VARIANT_ATTRIBUTE_VALUES" VALUES(UUID '23b7ce38-1a7e-405d-863d-4d747a6fede1', UUID '84cce0b7-fbea-496c-bc37-0c0b385603c7');     
INSERT INTO "PUBLIC"."ASSIGNED_VARIANT_ATTRIBUTE_VALUES" VALUES(UUID '1f4cd13b-6e11-4e18-9e8b-c245eea47a2b', UUID 'daa90f2a-5ed6-45e2-98af-3eebfdaec71f');     
INSERT INTO "PUBLIC"."ASSIGNED_VARIANT_ATTRIBUTE_VALUES" VALUES(UUID 'f5ed8179-ac12-43e1-be6b-8b7d3e990530', UUID '98670f0d-7241-4001-9d15-9a8a64835fca');     
INSERT INTO "PUBLIC"."ASSIGNED_VARIANT_ATTRIBUTE_VALUES" VALUES(UUID 'fa26caa7-3c6d-42ee-b7e9-25b086b83696', UUID 'aa46a499-ea72-437a-9832-8cd71a889407');     
INSERT INTO "PUBLIC"."ASSIGNED_VARIANT_ATTRIBUTE_VALUES" VALUES(UUID 'bb975aa8-e7b4-4a3f-85a0-ec846c31d1e5', UUID '55acdcff-650e-48a0-8814-d450bdb66c3d');     
INSERT INTO "PUBLIC"."ASSIGNED_VARIANT_ATTRIBUTE_VALUES" VALUES(UUID '0bbb363a-b199-4eae-ba3b-c643e8628f80', UUID '31b3013c-8ae9-4e2b-a41c-87e05e745b5a');     
INSERT INTO "PUBLIC"."ASSIGNED_VARIANT_ATTRIBUTE_VALUES" VALUES(UUID '23a0a628-5938-4dc7-942a-11d04786bc33', UUID 'c79f5b49-8eb7-4c10-9d30-1878d612f60a');     
INSERT INTO "PUBLIC"."ASSIGNED_VARIANT_ATTRIBUTE_VALUES" VALUES(UUID '6f896965-3095-40f2-83e0-050c2e787308', UUID '63518acd-1f83-4599-a67b-7386e593f63f');     
INSERT INTO "PUBLIC"."ASSIGNED_VARIANT_ATTRIBUTE_VALUES" VALUES(UUID 'd87b7656-43c8-4c34-a8c2-afd907bba739', UUID '7df7d5aa-fde4-4d8b-997d-55126c143f79');     
INSERT INTO "PUBLIC"."ASSIGNED_VARIANT_ATTRIBUTE_VALUES" VALUES(UUID '2f92ce6f-90df-4ef6-8916-2692a5d1e99f', UUID '1eadb8e6-dabe-421f-98c7-28b76b2848e3');     
INSERT INTO "PUBLIC"."ASSIGNED_VARIANT_ATTRIBUTE_VALUES" VALUES(UUID 'a1593a75-64f3-48d7-851c-4083759cf528', UUID '77b8f4d7-32a1-4ee4-906b-afb5b6d53b0c');     
INSERT INTO "PUBLIC"."ASSIGNED_VARIANT_ATTRIBUTE_VALUES" VALUES(UUID 'a3b53449-adc2-4676-b2f6-1eeb1c9769f0', UUID '7cc21e92-c8ae-46fd-af1c-3538c2136c23');     
INSERT INTO "PUBLIC"."ASSIGNED_VARIANT_ATTRIBUTE_VALUES" VALUES(UUID '34ac18e5-e33e-4551-9273-d588846ac97e', UUID '640f64f6-afca-421e-a51b-9f9a7b6fd749');     
INSERT INTO "PUBLIC"."ASSIGNED_VARIANT_ATTRIBUTE_VALUES" VALUES(UUID 'd9ecda73-561c-44c1-8109-6850aca2d44b', UUID 'c0c50e81-6962-41b8-8bbb-0fe924ed18e0');     
INSERT INTO "PUBLIC"."ASSIGNED_VARIANT_ATTRIBUTE_VALUES" VALUES(UUID '0fcd0860-ab6c-412f-9f81-4f1878e09dbb', UUID '75873770-3c10-4a06-9713-22c5f8049d1a');     
INSERT INTO "PUBLIC"."ASSIGNED_VARIANT_ATTRIBUTE_VALUES" VALUES(UUID '1b842a96-8f3d-422d-ac5c-79a036c04967', UUID '29dd8998-41d1-4f29-8049-292d53aa40b0');     
INSERT INTO "PUBLIC"."ASSIGNED_VARIANT_ATTRIBUTE_VALUES" VALUES(UUID '8515208e-bd7f-40be-aca4-5d7f954f9562', UUID 'e7fc14ef-676b-4b29-ad78-2f9437c4b4a4');     
INSERT INTO "PUBLIC"."ASSIGNED_VARIANT_ATTRIBUTE_VALUES" VALUES(UUID 'bd659c07-a420-4f8a-8906-2ea078ff8eed', UUID '64c00fed-3aee-4f80-b3f2-309f53c10d57');     
INSERT INTO "PUBLIC"."ASSIGNED_VARIANT_ATTRIBUTE_VALUES" VALUES(UUID '418abdad-2a7c-4521-ab3a-40d65fbe27a2', UUID 'd19bf298-0365-4030-866e-11bebd37fc70');     
INSERT INTO "PUBLIC"."ASSIGNED_VARIANT_ATTRIBUTE_VALUES" VALUES(UUID 'c061ee0b-c484-4212-afc0-4445baa047ae', UUID '9c7e31bb-2e5f-4341-9992-0c826d6acadd');     
INSERT INTO "PUBLIC"."ASSIGNED_VARIANT_ATTRIBUTE_VALUES" VALUES(UUID '40b2f603-0965-4c53-a492-3c46553b2a47', UUID 'ed12feb9-145f-4ecf-842f-cfe3a76bf1e7');     
INSERT INTO "PUBLIC"."ASSIGNED_VARIANT_ATTRIBUTE_VALUES" VALUES(UUID '3fb781d4-0344-4b75-9b60-2e138ea7d183', UUID '6e0857ac-d8df-45db-8ff5-3bd1daefc52a');     
INSERT INTO "PUBLIC"."ASSIGNED_VARIANT_ATTRIBUTE_VALUES" VALUES(UUID 'fa330f45-304d-4fa0-b634-38060bfe85ac', UUID 'e3814069-7376-44b9-9e2d-43e1d3c73885');     
INSERT INTO "PUBLIC"."ASSIGNED_VARIANT_ATTRIBUTE_VALUES" VALUES(UUID '97043468-fde4-40b2-8a1b-94de35d2652c', UUID '22034297-8576-458e-821b-eb6ee03c9da7');     
INSERT INTO "PUBLIC"."ASSIGNED_VARIANT_ATTRIBUTE_VALUES" VALUES(UUID 'f92be70d-1935-459c-a163-23215bf79773', UUID '117ecb43-b01b-46fc-b003-e76be1a79bc5');     
INSERT INTO "PUBLIC"."ASSIGNED_VARIANT_ATTRIBUTE_VALUES" VALUES(UUID 'afadfc0a-4246-4bdc-9b37-487d8674e50b', UUID '81f3f959-cb04-47cc-a2b2-7928739a1f5d');     
INSERT INTO "PUBLIC"."ASSIGNED_VARIANT_ATTRIBUTE_VALUES" VALUES(UUID '504aee25-4b9d-456f-aeac-472bc48b3ccf', UUID '1783df2a-7f6d-4102-8f8d-86acc93743b4');     
INSERT INTO "PUBLIC"."ASSIGNED_VARIANT_ATTRIBUTE_VALUES" VALUES(UUID '473d782c-9283-46ee-ae6b-9b30e678bcee', UUID 'c45111e6-696f-4e1c-ad07-d46d40f0c77b');     
INSERT INTO "PUBLIC"."ASSIGNED_VARIANT_ATTRIBUTE_VALUES" VALUES(UUID 'ab358424-76b5-4130-89d7-e44bf13ce8a2', UUID '3cd4daf0-f68e-4816-bd54-36d9a00089ee');     
INSERT INTO "PUBLIC"."ASSIGNED_VARIANT_ATTRIBUTE_VALUES" VALUES(UUID '6c0771ca-3340-4433-bbc3-99eee1869bc2', UUID 'd948564c-7ab4-4156-9ef7-dac21b93243a');     
INSERT INTO "PUBLIC"."ASSIGNED_VARIANT_ATTRIBUTE_VALUES" VALUES(UUID '3ef8671c-6c37-4761-b944-0407603bd665', UUID '4d3516bd-c4a1-4ce1-960f-07fb6bcab81a');     
INSERT INTO "PUBLIC"."ASSIGNED_VARIANT_ATTRIBUTE_VALUES" VALUES(UUID 'a48cb5ae-c3f6-4d90-bdf0-3de5c655ab9b', UUID '4ce38128-e2a2-4971-86ba-af1661c6d9f1');     
CREATE MEMORY TABLE "PUBLIC"."ASSIGNED_VARIANT_ATTRIBUTES"(
    "ID" UUID NOT NULL,
    "ATTRIBUTE_ID" UUID NOT NULL,
    "VARIANT_ID" UUID NOT NULL
);        
ALTER TABLE "PUBLIC"."ASSIGNED_VARIANT_ATTRIBUTES" ADD CONSTRAINT "PUBLIC"."CONSTRAINT_1" PRIMARY KEY("ID");   
-- 40 +/- SELECT COUNT(*) FROM PUBLIC.ASSIGNED_VARIANT_ATTRIBUTES;             
INSERT INTO "PUBLIC"."ASSIGNED_VARIANT_ATTRIBUTES" VALUES(UUID '54712ad8-ce80-4238-b1f6-8b06ed69dea9', UUID '75707b78-8285-4c27-be14-1165360014d3', UUID '302d8a0d-5f67-45b9-a8f5-02b7d6124a12');              
INSERT INTO "PUBLIC"."ASSIGNED_VARIANT_ATTRIBUTES" VALUES(UUID '01b31240-90fa-4cb9-9939-8e71b3203b7f', UUID 'd5d9d3f5-3e60-42e8-abf2-f4ac88598edb', UUID '302d8a0d-5f67-45b9-a8f5-02b7d6124a12');              
INSERT INTO "PUBLIC"."ASSIGNED_VARIANT_ATTRIBUTES" VALUES(UUID '5c56754d-94a7-4cfe-a955-6a8427abd8ee', UUID '75707b78-8285-4c27-be14-1165360014d3', UUID '417a114c-c48c-4473-8e01-4cfddfa1ec66');              
INSERT INTO "PUBLIC"."ASSIGNED_VARIANT_ATTRIBUTES" VALUES(UUID '3fb0d534-0a08-48ae-89f6-d5e7b9b32771', UUID 'd5d9d3f5-3e60-42e8-abf2-f4ac88598edb', UUID '417a114c-c48c-4473-8e01-4cfddfa1ec66');              
INSERT INTO "PUBLIC"."ASSIGNED_VARIANT_ATTRIBUTES" VALUES(UUID '51fedc1c-129a-4d1a-8426-44f953393270', UUID '75707b78-8285-4c27-be14-1165360014d3', UUID 'd807edbf-adf6-46cd-af3b-d018eee5ff03');              
INSERT INTO "PUBLIC"."ASSIGNED_VARIANT_ATTRIBUTES" VALUES(UUID 'dca7e61a-a7bd-42f4-a79f-02da6773f6b5', UUID 'd5d9d3f5-3e60-42e8-abf2-f4ac88598edb', UUID 'd807edbf-adf6-46cd-af3b-d018eee5ff03');              
INSERT INTO "PUBLIC"."ASSIGNED_VARIANT_ATTRIBUTES" VALUES(UUID '7955a2d5-3890-440e-b6aa-259484e6d060', UUID '75707b78-8285-4c27-be14-1165360014d3', UUID '8255340b-3e79-4307-a23d-c93cb8c775e3');              
INSERT INTO "PUBLIC"."ASSIGNED_VARIANT_ATTRIBUTES" VALUES(UUID '12b7e81d-fe40-4e4b-aa32-c510ca808850', UUID 'd5d9d3f5-3e60-42e8-abf2-f4ac88598edb', UUID '8255340b-3e79-4307-a23d-c93cb8c775e3');              
INSERT INTO "PUBLIC"."ASSIGNED_VARIANT_ATTRIBUTES" VALUES(UUID '23b7ce38-1a7e-405d-863d-4d747a6fede1', UUID '75707b78-8285-4c27-be14-1165360014d3', UUID '140154ee-7528-4543-ae83-bf1ebcfb870a');              
INSERT INTO "PUBLIC"."ASSIGNED_VARIANT_ATTRIBUTES" VALUES(UUID '1f4cd13b-6e11-4e18-9e8b-c245eea47a2b', UUID 'd5d9d3f5-3e60-42e8-abf2-f4ac88598edb', UUID '140154ee-7528-4543-ae83-bf1ebcfb870a');              
INSERT INTO "PUBLIC"."ASSIGNED_VARIANT_ATTRIBUTES" VALUES(UUID 'f5ed8179-ac12-43e1-be6b-8b7d3e990530', UUID '75707b78-8285-4c27-be14-1165360014d3', UUID 'fb199178-a1ae-4f0c-b6f7-1be404c259a1');              
INSERT INTO "PUBLIC"."ASSIGNED_VARIANT_ATTRIBUTES" VALUES(UUID 'fa26caa7-3c6d-42ee-b7e9-25b086b83696', UUID 'd5d9d3f5-3e60-42e8-abf2-f4ac88598edb', UUID 'fb199178-a1ae-4f0c-b6f7-1be404c259a1');              
INSERT INTO "PUBLIC"."ASSIGNED_VARIANT_ATTRIBUTES" VALUES(UUID 'bb975aa8-e7b4-4a3f-85a0-ec846c31d1e5', UUID '75707b78-8285-4c27-be14-1165360014d3', UUID '4e988d20-ae1b-4471-9908-b50abce9876b');              
INSERT INTO "PUBLIC"."ASSIGNED_VARIANT_ATTRIBUTES" VALUES(UUID '0bbb363a-b199-4eae-ba3b-c643e8628f80', UUID 'd5d9d3f5-3e60-42e8-abf2-f4ac88598edb', UUID '4e988d20-ae1b-4471-9908-b50abce9876b');              
INSERT INTO "PUBLIC"."ASSIGNED_VARIANT_ATTRIBUTES" VALUES(UUID '23a0a628-5938-4dc7-942a-11d04786bc33', UUID '75707b78-8285-4c27-be14-1165360014d3', UUID 'ea4edc1e-c9c4-4d01-95a7-d66aecb42ffc');              
INSERT INTO "PUBLIC"."ASSIGNED_VARIANT_ATTRIBUTES" VALUES(UUID '6f896965-3095-40f2-83e0-050c2e787308', UUID 'd5d9d3f5-3e60-42e8-abf2-f4ac88598edb', UUID 'ea4edc1e-c9c4-4d01-95a7-d66aecb42ffc');              
INSERT INTO "PUBLIC"."ASSIGNED_VARIANT_ATTRIBUTES" VALUES(UUID 'd87b7656-43c8-4c34-a8c2-afd907bba739', UUID '75707b78-8285-4c27-be14-1165360014d3', UUID 'f2fc5a98-bef4-4d99-9110-d74e06d4d0e0');              
INSERT INTO "PUBLIC"."ASSIGNED_VARIANT_ATTRIBUTES" VALUES(UUID '2f92ce6f-90df-4ef6-8916-2692a5d1e99f', UUID 'd5d9d3f5-3e60-42e8-abf2-f4ac88598edb', UUID 'f2fc5a98-bef4-4d99-9110-d74e06d4d0e0');              
INSERT INTO "PUBLIC"."ASSIGNED_VARIANT_ATTRIBUTES" VALUES(UUID 'a1593a75-64f3-48d7-851c-4083759cf528', UUID '75707b78-8285-4c27-be14-1165360014d3', UUID 'd921a9a6-8719-48f5-a074-8304e4295e27');              
INSERT INTO "PUBLIC"."ASSIGNED_VARIANT_ATTRIBUTES" VALUES(UUID 'a3b53449-adc2-4676-b2f6-1eeb1c9769f0', UUID 'd5d9d3f5-3e60-42e8-abf2-f4ac88598edb', UUID 'd921a9a6-8719-48f5-a074-8304e4295e27');              
INSERT INTO "PUBLIC"."ASSIGNED_VARIANT_ATTRIBUTES" VALUES(UUID '34ac18e5-e33e-4551-9273-d588846ac97e', UUID '75707b78-8285-4c27-be14-1165360014d3', UUID '3e7f6cba-204d-4472-b217-fd6d3b1c3503');              
INSERT INTO "PUBLIC"."ASSIGNED_VARIANT_ATTRIBUTES" VALUES(UUID 'd9ecda73-561c-44c1-8109-6850aca2d44b', UUID 'd5d9d3f5-3e60-42e8-abf2-f4ac88598edb', UUID '3e7f6cba-204d-4472-b217-fd6d3b1c3503');              
INSERT INTO "PUBLIC"."ASSIGNED_VARIANT_ATTRIBUTES" VALUES(UUID '0fcd0860-ab6c-412f-9f81-4f1878e09dbb', UUID '75707b78-8285-4c27-be14-1165360014d3', UUID '00d39c73-8ef2-46f6-a2a4-d069d029c085');              
INSERT INTO "PUBLIC"."ASSIGNED_VARIANT_ATTRIBUTES" VALUES(UUID '1b842a96-8f3d-422d-ac5c-79a036c04967', UUID 'd5d9d3f5-3e60-42e8-abf2-f4ac88598edb', UUID '00d39c73-8ef2-46f6-a2a4-d069d029c085');              
INSERT INTO "PUBLIC"."ASSIGNED_VARIANT_ATTRIBUTES" VALUES(UUID '8515208e-bd7f-40be-aca4-5d7f954f9562', UUID '75707b78-8285-4c27-be14-1165360014d3', UUID 'e816f869-cb48-4f05-9aeb-d8200bd9f1d5');              
INSERT INTO "PUBLIC"."ASSIGNED_VARIANT_ATTRIBUTES" VALUES(UUID 'bd659c07-a420-4f8a-8906-2ea078ff8eed', UUID 'd5d9d3f5-3e60-42e8-abf2-f4ac88598edb', UUID 'e816f869-cb48-4f05-9aeb-d8200bd9f1d5');              
INSERT INTO "PUBLIC"."ASSIGNED_VARIANT_ATTRIBUTES" VALUES(UUID '418abdad-2a7c-4521-ab3a-40d65fbe27a2', UUID '75707b78-8285-4c27-be14-1165360014d3', UUID '96038c27-f0d2-4bfc-b257-454b92e806df');              
INSERT INTO "PUBLIC"."ASSIGNED_VARIANT_ATTRIBUTES" VALUES(UUID 'c061ee0b-c484-4212-afc0-4445baa047ae', UUID 'd5d9d3f5-3e60-42e8-abf2-f4ac88598edb', UUID '96038c27-f0d2-4bfc-b257-454b92e806df');              
INSERT INTO "PUBLIC"."ASSIGNED_VARIANT_ATTRIBUTES" VALUES(UUID '40b2f603-0965-4c53-a492-3c46553b2a47', UUID '75707b78-8285-4c27-be14-1165360014d3', UUID '515f56fc-9a6e-47f8-802a-48d60e214c7f');              
INSERT INTO "PUBLIC"."ASSIGNED_VARIANT_ATTRIBUTES" VALUES(UUID '3fb781d4-0344-4b75-9b60-2e138ea7d183', UUID 'd5d9d3f5-3e60-42e8-abf2-f4ac88598edb', UUID '515f56fc-9a6e-47f8-802a-48d60e214c7f');              
INSERT INTO "PUBLIC"."ASSIGNED_VARIANT_ATTRIBUTES" VALUES(UUID 'fa330f45-304d-4fa0-b634-38060bfe85ac', UUID '75707b78-8285-4c27-be14-1165360014d3', UUID 'be59c38d-5118-4a08-af4a-15e04010c4f9');              
INSERT INTO "PUBLIC"."ASSIGNED_VARIANT_ATTRIBUTES" VALUES(UUID '97043468-fde4-40b2-8a1b-94de35d2652c', UUID 'd5d9d3f5-3e60-42e8-abf2-f4ac88598edb', UUID 'be59c38d-5118-4a08-af4a-15e04010c4f9');              
INSERT INTO "PUBLIC"."ASSIGNED_VARIANT_ATTRIBUTES" VALUES(UUID 'f92be70d-1935-459c-a163-23215bf79773', UUID '75707b78-8285-4c27-be14-1165360014d3', UUID '44572662-6ac3-4b17-b955-aff3cc61c723');              
INSERT INTO "PUBLIC"."ASSIGNED_VARIANT_ATTRIBUTES" VALUES(UUID 'afadfc0a-4246-4bdc-9b37-487d8674e50b', UUID 'd5d9d3f5-3e60-42e8-abf2-f4ac88598edb', UUID '44572662-6ac3-4b17-b955-aff3cc61c723');              
INSERT INTO "PUBLIC"."ASSIGNED_VARIANT_ATTRIBUTES" VALUES(UUID '504aee25-4b9d-456f-aeac-472bc48b3ccf', UUID '75707b78-8285-4c27-be14-1165360014d3', UUID 'da313005-4e33-4ce4-b4ec-69fde8e4eae2');              
INSERT INTO "PUBLIC"."ASSIGNED_VARIANT_ATTRIBUTES" VALUES(UUID '473d782c-9283-46ee-ae6b-9b30e678bcee', UUID 'd5d9d3f5-3e60-42e8-abf2-f4ac88598edb', UUID 'da313005-4e33-4ce4-b4ec-69fde8e4eae2');              
INSERT INTO "PUBLIC"."ASSIGNED_VARIANT_ATTRIBUTES" VALUES(UUID 'ab358424-76b5-4130-89d7-e44bf13ce8a2', UUID '75707b78-8285-4c27-be14-1165360014d3', UUID '9df2a005-8a2e-4cbf-874c-78981cac146d');              
INSERT INTO "PUBLIC"."ASSIGNED_VARIANT_ATTRIBUTES" VALUES(UUID '6c0771ca-3340-4433-bbc3-99eee1869bc2', UUID 'd5d9d3f5-3e60-42e8-abf2-f4ac88598edb', UUID '9df2a005-8a2e-4cbf-874c-78981cac146d');              
INSERT INTO "PUBLIC"."ASSIGNED_VARIANT_ATTRIBUTES" VALUES(UUID '3ef8671c-6c37-4761-b944-0407603bd665', UUID '75707b78-8285-4c27-be14-1165360014d3', UUID '841de307-d12a-48c9-b646-dc4c38e681f0');              
INSERT INTO "PUBLIC"."ASSIGNED_VARIANT_ATTRIBUTES" VALUES(UUID 'a48cb5ae-c3f6-4d90-bdf0-3de5c655ab9b', UUID 'd5d9d3f5-3e60-42e8-abf2-f4ac88598edb', UUID '841de307-d12a-48c9-b646-dc4c38e681f0');              
CREATE MEMORY TABLE "PUBLIC"."ATTRIBUTE_VALUES"(
    "ID" UUID NOT NULL,
    "NAME" CHARACTER VARYING(255) NOT NULL,
    "SLUG" CHARACTER VARYING(255) NOT NULL,
    "ATTRIBUTE_ID" UUID NOT NULL
);           
ALTER TABLE "PUBLIC"."ATTRIBUTE_VALUES" ADD CONSTRAINT "PUBLIC"."CONSTRAINT_D" PRIMARY KEY("ID");              
-- 40 +/- SELECT COUNT(*) FROM PUBLIC.ATTRIBUTE_VALUES;        
INSERT INTO "PUBLIC"."ATTRIBUTE_VALUES" VALUES(UUID '89ef719d-9835-43d1-9328-2a23c3391d3b', U&'\0110en', 'en', UUID '75707b78-8285-4c27-be14-1165360014d3');   
INSERT INTO "PUBLIC"."ATTRIBUTE_VALUES" VALUES(UUID '698b8040-4450-421b-a357-f88ddc93179e', 'M', 'm', UUID 'd5d9d3f5-3e60-42e8-abf2-f4ac88598edb');            
INSERT INTO "PUBLIC"."ATTRIBUTE_VALUES" VALUES(UUID 'c72b5437-2717-46c8-b288-451a182a6d2d', U&'Tr\1eafng', 'trang', UUID '75707b78-8285-4c27-be14-1165360014d3');              
INSERT INTO "PUBLIC"."ATTRIBUTE_VALUES" VALUES(UUID '1b95aebd-5661-4965-84cf-afd5664d6687', 'L', 'l', UUID 'd5d9d3f5-3e60-42e8-abf2-f4ac88598edb');            
INSERT INTO "PUBLIC"."ATTRIBUTE_VALUES" VALUES(UUID '6854f25b-4f20-40d9-8c32-cf6be936e083', U&'Xanh D\01b0\01a1ng', 'xanh-duong', UUID '75707b78-8285-4c27-be14-1165360014d3');
INSERT INTO "PUBLIC"."ATTRIBUTE_VALUES" VALUES(UUID '5332ac5a-e4f8-4e1c-a5ca-15354e4e77c8', 'L', 'l', UUID 'd5d9d3f5-3e60-42e8-abf2-f4ac88598edb');            
INSERT INTO "PUBLIC"."ATTRIBUTE_VALUES" VALUES(UUID '94b27ed4-9fab-4eb5-a634-15c034d7b722', U&'X\00e1m', 'xam', UUID '75707b78-8285-4c27-be14-1165360014d3');  
INSERT INTO "PUBLIC"."ATTRIBUTE_VALUES" VALUES(UUID '142142f8-b660-44b1-b677-771bc1aedbb1', 'XL', 'xl', UUID 'd5d9d3f5-3e60-42e8-abf2-f4ac88598edb');          
INSERT INTO "PUBLIC"."ATTRIBUTE_VALUES" VALUES(UUID '84cce0b7-fbea-496c-bc37-0c0b385603c7', U&'Xanh \0110en', 'xanh-en', UUID '75707b78-8285-4c27-be14-1165360014d3');         
INSERT INTO "PUBLIC"."ATTRIBUTE_VALUES" VALUES(UUID 'daa90f2a-5ed6-45e2-98af-3eebfdaec71f', 'M', 'm', UUID 'd5d9d3f5-3e60-42e8-abf2-f4ac88598edb');            
INSERT INTO "PUBLIC"."ATTRIBUTE_VALUES" VALUES(UUID '98670f0d-7241-4001-9d15-9a8a64835fca', U&'Tr\1eafng', 'trang', UUID '75707b78-8285-4c27-be14-1165360014d3');              
INSERT INTO "PUBLIC"."ATTRIBUTE_VALUES" VALUES(UUID 'aa46a499-ea72-437a-9832-8cd71a889407', 'L', 'l', UUID 'd5d9d3f5-3e60-42e8-abf2-f4ac88598edb');            
INSERT INTO "PUBLIC"."ATTRIBUTE_VALUES" VALUES(UUID '55acdcff-650e-48a0-8814-d450bdb66c3d', U&'\0110en', 'en', UUID '75707b78-8285-4c27-be14-1165360014d3');   
INSERT INTO "PUBLIC"."ATTRIBUTE_VALUES" VALUES(UUID '31b3013c-8ae9-4e2b-a41c-87e05e745b5a', 'L', 'l', UUID 'd5d9d3f5-3e60-42e8-abf2-f4ac88598edb');            
INSERT INTO "PUBLIC"."ATTRIBUTE_VALUES" VALUES(UUID 'c79f5b49-8eb7-4c10-9d30-1878d612f60a', U&'V\00e0ng', 'vang', UUID '75707b78-8285-4c27-be14-1165360014d3');
INSERT INTO "PUBLIC"."ATTRIBUTE_VALUES" VALUES(UUID '63518acd-1f83-4599-a67b-7386e593f63f', 'XL', 'xl', UUID 'd5d9d3f5-3e60-42e8-abf2-f4ac88598edb');          
INSERT INTO "PUBLIC"."ATTRIBUTE_VALUES" VALUES(UUID '7df7d5aa-fde4-4d8b-997d-55126c143f79', U&'X\00e1m', 'xam', UUID '75707b78-8285-4c27-be14-1165360014d3');  
INSERT INTO "PUBLIC"."ATTRIBUTE_VALUES" VALUES(UUID '1eadb8e6-dabe-421f-98c7-28b76b2848e3', 'S', 's', UUID 'd5d9d3f5-3e60-42e8-abf2-f4ac88598edb');            
INSERT INTO "PUBLIC"."ATTRIBUTE_VALUES" VALUES(UUID '77b8f4d7-32a1-4ee4-906b-afb5b6d53b0c', U&'Tr\1eafng', 'trang', UUID '75707b78-8285-4c27-be14-1165360014d3');              
INSERT INTO "PUBLIC"."ATTRIBUTE_VALUES" VALUES(UUID '7cc21e92-c8ae-46fd-af1c-3538c2136c23', 'M', 'm', UUID 'd5d9d3f5-3e60-42e8-abf2-f4ac88598edb');            
INSERT INTO "PUBLIC"."ATTRIBUTE_VALUES" VALUES(UUID '640f64f6-afca-421e-a51b-9f9a7b6fd749', U&'N\00e2u', 'nau', UUID '75707b78-8285-4c27-be14-1165360014d3');  
INSERT INTO "PUBLIC"."ATTRIBUTE_VALUES" VALUES(UUID 'c0c50e81-6962-41b8-8bbb-0fe924ed18e0', 'M', 'm', UUID 'd5d9d3f5-3e60-42e8-abf2-f4ac88598edb');            
INSERT INTO "PUBLIC"."ATTRIBUTE_VALUES" VALUES(UUID '75873770-3c10-4a06-9713-22c5f8049d1a', U&'\0110en', 'en', UUID '75707b78-8285-4c27-be14-1165360014d3');   
INSERT INTO "PUBLIC"."ATTRIBUTE_VALUES" VALUES(UUID '29dd8998-41d1-4f29-8049-292d53aa40b0', 'L', 'l', UUID 'd5d9d3f5-3e60-42e8-abf2-f4ac88598edb');            
INSERT INTO "PUBLIC"."ATTRIBUTE_VALUES" VALUES(UUID 'e7fc14ef-676b-4b29-ad78-2f9437c4b4a4', U&'Xanh L\00ednh', 'xanh-linh', UUID '75707b78-8285-4c27-be14-1165360014d3');      
INSERT INTO "PUBLIC"."ATTRIBUTE_VALUES" VALUES(UUID '64c00fed-3aee-4f80-b3f2-309f53c10d57', 'L', 'l', UUID 'd5d9d3f5-3e60-42e8-abf2-f4ac88598edb');            
INSERT INTO "PUBLIC"."ATTRIBUTE_VALUES" VALUES(UUID 'd19bf298-0365-4030-866e-11bebd37fc70', U&'X\00e1m R\1eb1n Ri', 'xam-ran-ri', UUID '75707b78-8285-4c27-be14-1165360014d3');
INSERT INTO "PUBLIC"."ATTRIBUTE_VALUES" VALUES(UUID '9c7e31bb-2e5f-4341-9992-0c826d6acadd', 'XL', 'xl', UUID 'd5d9d3f5-3e60-42e8-abf2-f4ac88598edb');          
INSERT INTO "PUBLIC"."ATTRIBUTE_VALUES" VALUES(UUID 'ed12feb9-145f-4ecf-842f-cfe3a76bf1e7', U&'\0110en', 'en', UUID '75707b78-8285-4c27-be14-1165360014d3');   
INSERT INTO "PUBLIC"."ATTRIBUTE_VALUES" VALUES(UUID '6e0857ac-d8df-45db-8ff5-3bd1daefc52a', 'M', 'm', UUID 'd5d9d3f5-3e60-42e8-abf2-f4ac88598edb');            
INSERT INTO "PUBLIC"."ATTRIBUTE_VALUES" VALUES(UUID 'e3814069-7376-44b9-9e2d-43e1d3c73885', U&'Tr\1eafng', 'trang', UUID '75707b78-8285-4c27-be14-1165360014d3');              
INSERT INTO "PUBLIC"."ATTRIBUTE_VALUES" VALUES(UUID '22034297-8576-458e-821b-eb6ee03c9da7', 'L', 'l', UUID 'd5d9d3f5-3e60-42e8-abf2-f4ac88598edb');            
INSERT INTO "PUBLIC"."ATTRIBUTE_VALUES" VALUES(UUID '117ecb43-b01b-46fc-b003-e76be1a79bc5', U&'S\1ecdc Xanh', 'soc-xanh', UUID '75707b78-8285-4c27-be14-1165360014d3');        
INSERT INTO "PUBLIC"."ATTRIBUTE_VALUES" VALUES(UUID '81f3f959-cb04-47cc-a2b2-7928739a1f5d', 'M', 'm', UUID 'd5d9d3f5-3e60-42e8-abf2-f4ac88598edb');            
INSERT INTO "PUBLIC"."ATTRIBUTE_VALUES" VALUES(UUID '1783df2a-7f6d-4102-8f8d-86acc93743b4', U&'S\1ecdc \0110\1ecf', 'soc-o', UUID '75707b78-8285-4c27-be14-1165360014d3');     
INSERT INTO "PUBLIC"."ATTRIBUTE_VALUES" VALUES(UUID 'c45111e6-696f-4e1c-ad07-d46d40f0c77b', 'L', 'l', UUID 'd5d9d3f5-3e60-42e8-abf2-f4ac88598edb');            
INSERT INTO "PUBLIC"."ATTRIBUTE_VALUES" VALUES(UUID '3cd4daf0-f68e-4816-bd54-36d9a00089ee', U&'R\00eau', 'reu', UUID '75707b78-8285-4c27-be14-1165360014d3');  
INSERT INTO "PUBLIC"."ATTRIBUTE_VALUES" VALUES(UUID 'd948564c-7ab4-4156-9ef7-dac21b93243a', 'M', 'm', UUID 'd5d9d3f5-3e60-42e8-abf2-f4ac88598edb');            
INSERT INTO "PUBLIC"."ATTRIBUTE_VALUES" VALUES(UUID '4d3516bd-c4a1-4ce1-960f-07fb6bcab81a', U&'\0110en', 'en', UUID '75707b78-8285-4c27-be14-1165360014d3');   
INSERT INTO "PUBLIC"."ATTRIBUTE_VALUES" VALUES(UUID '4ce38128-e2a2-4971-86ba-af1661c6d9f1', 'XL', 'xl', UUID 'd5d9d3f5-3e60-42e8-abf2-f4ac88598edb');          
CREATE MEMORY TABLE "PUBLIC"."ATTRIBUTES"(
    "ID" UUID NOT NULL,
    "NAME" CHARACTER VARYING(255) NOT NULL,
    "SLUG" CHARACTER VARYING(255) NOT NULL
);   
ALTER TABLE "PUBLIC"."ATTRIBUTES" ADD CONSTRAINT "PUBLIC"."CONSTRAINT_3" PRIMARY KEY("ID");    
-- 2 +/- SELECT COUNT(*) FROM PUBLIC.ATTRIBUTES;               
INSERT INTO "PUBLIC"."ATTRIBUTES" VALUES(UUID '75707b78-8285-4c27-be14-1165360014d3', 'Color', 'color');       
INSERT INTO "PUBLIC"."ATTRIBUTES" VALUES(UUID 'd5d9d3f5-3e60-42e8-abf2-f4ac88598edb', 'Size', 'size');         
CREATE MEMORY TABLE "PUBLIC"."CATEGORIES"(
    "ID" UUID NOT NULL,
    "NAME" CHARACTER VARYING(255) NOT NULL,
    "SLUG" CHARACTER VARYING(255) NOT NULL,
    "PARENT_ID" UUID
);             
ALTER TABLE "PUBLIC"."CATEGORIES" ADD CONSTRAINT "PUBLIC"."CONSTRAINT_6" PRIMARY KEY("ID");    
-- 2 +/- SELECT COUNT(*) FROM PUBLIC.CATEGORIES;               
INSERT INTO "PUBLIC"."CATEGORIES" VALUES(UUID 'e57ed152-c8cc-49f8-83d6-aeba99e64813', U&'Th\1eddi Trang Nam', 'thoi-trang-nam', NULL);         
INSERT INTO "PUBLIC"."CATEGORIES" VALUES(UUID 'b843984f-4374-457d-a858-66557eeaba27', U&'\00c1o Thun Nam', 'ao-thun-nam', UUID 'e57ed152-c8cc-49f8-83d6-aeba99e64813');        
CREATE MEMORY TABLE "PUBLIC"."PRODUCT_TYPES"(
    "ID" UUID NOT NULL,
    "HAS_VARIANTS" BOOLEAN NOT NULL,
    "IS_SHIPPING_REQUIRED" BOOLEAN NOT NULL,
    "NAME" CHARACTER VARYING(255) NOT NULL
);          
ALTER TABLE "PUBLIC"."PRODUCT_TYPES" ADD CONSTRAINT "PUBLIC"."CONSTRAINT_4" PRIMARY KEY("ID"); 
-- 1 +/- SELECT COUNT(*) FROM PUBLIC.PRODUCT_TYPES;            
INSERT INTO "PUBLIC"."PRODUCT_TYPES" VALUES(UUID '020bf8ed-ec0e-4935-b874-20a690dcee75', TRUE, TRUE, U&'\00c1p Thun');         
CREATE MEMORY TABLE "PUBLIC"."PRODUCT_VANRIANTS"(
    "ID" UUID NOT NULL,
    "NAME" CHARACTER VARYING(255),
    "PRICE" NUMERIC(38, 2),
    "QUANTITY" INTEGER NOT NULL,
    "SKU" CHARACTER VARYING(255) NOT NULL,
    "TRACK_INVENTORY" BOOLEAN NOT NULL,
    "PRODUCT_ID" UUID NOT NULL
); 
ALTER TABLE "PUBLIC"."PRODUCT_VANRIANTS" ADD CONSTRAINT "PUBLIC"."CONSTRAINT_C" PRIMARY KEY("ID");             
-- 20 +/- SELECT COUNT(*) FROM PUBLIC.PRODUCT_VANRIANTS;       
INSERT INTO "PUBLIC"."PRODUCT_VANRIANTS" VALUES(UUID '302d8a0d-5f67-45b9-a8f5-02b7d6124a12', U&'\00c1o Thun Basic - \0110en - M', 180000.00, 50, 'TSHIRT-BSC-BLK-M', TRUE, UUID 'ff7b0f18-286f-40e4-bbf2-2e78e3e35718');       
INSERT INTO "PUBLIC"."PRODUCT_VANRIANTS" VALUES(UUID '417a114c-c48c-4473-8e01-4cfddfa1ec66', U&'\00c1o Thun Basic - Tr\1eafng - L', 180000.00, 45, 'TSHIRT-BSC-WHT-L', TRUE, UUID 'ff7b0f18-286f-40e4-bbf2-2e78e3e35718');     
INSERT INTO "PUBLIC"."PRODUCT_VANRIANTS" VALUES(UUID 'd807edbf-adf6-46cd-af3b-d018eee5ff03', U&'\00c1o Th\1ec3 Thao - Xanh D\01b0\01a1ng - L', 220000.00, 30, 'TSHIRT-SPT-BLU-L', TRUE, UUID '3db40de8-c440-4f7e-b4f1-0e29f02303bf');          
INSERT INTO "PUBLIC"."PRODUCT_VANRIANTS" VALUES(UUID '8255340b-3e79-4307-a23d-c93cb8c775e3', U&'\00c1o Th\1ec3 Thao - X\00e1m - XL', 220000.00, 25, 'TSHIRT-SPT-GRY-XL', TRUE, UUID '3db40de8-c440-4f7e-b4f1-0e29f02303bf');   
INSERT INTO "PUBLIC"."PRODUCT_VANRIANTS" VALUES(UUID '140154ee-7528-4543-ae83-bf1ebcfb870a', U&'\00c1o Polo - Xanh \0110en - M', 290000.00, 40, 'POLO-NVY-M', TRUE, UUID '9bf71bfa-3496-47b9-8983-edf92c1e9c66');              
INSERT INTO "PUBLIC"."PRODUCT_VANRIANTS" VALUES(UUID 'fb199178-a1ae-4f0c-b6f7-1be404c259a1', U&'\00c1o Polo - Tr\1eafng - L', 290000.00, 35, 'POLO-WHT-L', TRUE, UUID '9bf71bfa-3496-47b9-8983-edf92c1e9c66'); 
INSERT INTO "PUBLIC"."PRODUCT_VANRIANTS" VALUES(UUID '4e988d20-ae1b-4471-9908-b50abce9876b', U&'\00c1o Oversize - \0110en - L', 250000.00, 60, 'OVR-BLK-L', TRUE, UUID '3b7f618a-3baa-43f6-9ea1-ff2516a0b93d');
INSERT INTO "PUBLIC"."PRODUCT_VANRIANTS" VALUES(UUID 'ea4edc1e-c9c4-4d01-95a7-d66aecb42ffc', U&'\00c1o Oversize - V\00e0ng - XL', 250000.00, 55, 'OVR-YEL-XL', TRUE, UUID '3b7f618a-3baa-43f6-9ea1-ff2516a0b93d');             
INSERT INTO "PUBLIC"."PRODUCT_VANRIANTS" VALUES(UUID 'f2fc5a98-bef4-4d99-9110-d74e06d4d0e0', U&'\00c1o C\1ed5 Tim - X\00e1m - S', 195000.00, 20, 'VNECK-GRY-S', TRUE, UUID '24a2eeca-8635-4229-874e-d67a7a922889');            
INSERT INTO "PUBLIC"."PRODUCT_VANRIANTS" VALUES(UUID 'd921a9a6-8719-48f5-a074-8304e4295e27', U&'\00c1o C\1ed5 Tim - Tr\1eafng - M', 195000.00, 22, 'VNECK-WHT-M', TRUE, UUID '24a2eeca-8635-4229-874e-d67a7a922889');          
INSERT INTO "PUBLIC"."PRODUCT_VANRIANTS" VALUES(UUID '3e7f6cba-204d-4472-b217-fd6d3b1c3503', U&'\00c1o Tay D\00e0i - N\00e2u - M', 240000.00, 15, 'LST-BRN-M', TRUE, UUID '13c62415-c500-45ef-804a-ca33b0a33229');             
INSERT INTO "PUBLIC"."PRODUCT_VANRIANTS" VALUES(UUID '00d39c73-8ef2-46f6-a2a4-d069d029c085', U&'\00c1o Tay D\00e0i - \0110en - L', 240000.00, 18, 'LST-BLK-L', TRUE, UUID '13c62415-c500-45ef-804a-ca33b0a33229');             
INSERT INTO "PUBLIC"."PRODUCT_VANRIANTS" VALUES(UUID 'e816f869-cb48-4f05-9aeb-d8200bd9f1d5', U&'\00c1o Camo - Xanh L\00ednh - L', 210000.00, 28, 'CAMO-GRN-L', TRUE, UUID '0a838234-f9ec-4616-bb3a-c049e12814d1');             
INSERT INTO "PUBLIC"."PRODUCT_VANRIANTS" VALUES(UUID '96038c27-f0d2-4bfc-b257-454b92e806df', U&'\00c1o Camo - X\00e1m R\1eb1n Ri - XL', 210000.00, 14, 'CAMO-GRY-XL', TRUE, UUID '0a838234-f9ec-4616-bb3a-c049e12814d1');      
INSERT INTO "PUBLIC"."PRODUCT_VANRIANTS" VALUES(UUID '515f56fc-9a6e-47f8-802a-48d60e214c7f', U&'\00c1o Tank Top - \0110en - M', 150000.00, 70, 'TANK-BLK-M', TRUE, UUID 'bb4db49d-0c14-4164-a659-537c77ab9e8c');               
INSERT INTO "PUBLIC"."PRODUCT_VANRIANTS" VALUES(UUID 'be59c38d-5118-4a08-af4a-15e04010c4f9', U&'\00c1o Tank Top - Tr\1eafng - L', 150000.00, 65, 'TANK-WHT-L', TRUE, UUID 'bb4db49d-0c14-4164-a659-537c77ab9e8c');             
INSERT INTO "PUBLIC"."PRODUCT_VANRIANTS" VALUES(UUID '44572662-6ac3-4b17-b955-aff3cc61c723', U&'\00c1o S\1ecdc Ngang - S\1ecdc Xanh - M', 195000.00, 33, 'STRIPE-NVY-M', TRUE, UUID 'f297cca7-b7fc-4883-a55e-05fbae44f3fb');   
INSERT INTO "PUBLIC"."PRODUCT_VANRIANTS" VALUES(UUID 'da313005-4e33-4ce4-b4ec-69fde8e4eae2', U&'\00c1o S\1ecdc Ngang - S\1ecdc \0110\1ecf - L', 195000.00, 40, 'STRIPE-RED-L', TRUE, UUID 'f297cca7-b7fc-4883-a55e-05fbae44f3fb');             
INSERT INTO "PUBLIC"."PRODUCT_VANRIANTS" VALUES(UUID '9df2a005-8a2e-4cbf-874c-78981cac146d', U&'\00c1o Henley - R\00eau - M', 230000.00, 25, 'HENLEY-KHK-M', TRUE, UUID 'ab7cabbc-b62b-414e-93d0-160cb6079a40');               
INSERT INTO "PUBLIC"."PRODUCT_VANRIANTS" VALUES(UUID '841de307-d12a-48c9-b646-dc4c38e681f0', U&'\00c1o Henley - \0110en - XL', 230000.00, 19, 'HENLEY-BLK-XL', TRUE, UUID 'ab7cabbc-b62b-414e-93d0-160cb6079a40');             
CREATE MEMORY TABLE "PUBLIC"."PRODUCTS"(
    "ID" UUID NOT NULL,
    "CURRENCY" CHARACTER VARYING(255),
    "DESCRIPTION" CHARACTER VARYING,
    "MAX_PRICE" NUMERIC(38, 2),
    "MIN_PRICE" NUMERIC(38, 2),
    "NAME" CHARACTER VARYING(255) NOT NULL,
    "RATING" FLOAT(53),
    "SLUG" CHARACTER VARYING(255) NOT NULL,
    "THUMBNAIL" CHARACTER VARYING(255),
    "CATEGORY_ID" UUID,
    "PRODUCT_TYPE_ID" UUID NOT NULL
);            
ALTER TABLE "PUBLIC"."PRODUCTS" ADD CONSTRAINT "PUBLIC"."CONSTRAINT_F" PRIMARY KEY("ID");      
-- 10 +/- SELECT COUNT(*) FROM PUBLIC.PRODUCTS;
INSERT INTO "PUBLIC"."PRODUCTS" VALUES(UUID 'ff7b0f18-286f-40e4-bbf2-2e78e3e35718', 'VND', U&'\00c1o thun nam ch\1ea5t li\1ec7u 100% cotton co gi\00e3n 4 chi\1ec1u, th\1ea5m h\00fat m\1ed3 h\00f4i t\1ed1t, form d\00e1ng basic d\1ec5 ph\1ed1i \0111\1ed3.', 180000.00, 180000.00, U&'\00c1o Thun Nam Cotton C\1ed5 Tr\00f2n Basic', 4.8, 'ao-thun-nam-cotton-co-tron-basic', 'https://example.com/ao-thun-basic.jpg', UUID 'e57ed152-c8cc-49f8-83d6-aeba99e64813', UUID '020bf8ed-ec0e-4935-b874-20a690dcee75');           
INSERT INTO "PUBLIC"."PRODUCTS" VALUES(UUID '3db40de8-c440-4f7e-b4f1-0e29f02303bf', 'VND', U&'Ch\1ea5t v\1ea3i th\1ec3 thao chuy\00ean d\1ee5ng, tho\00e1ng kh\00ed, nhanh kh\00f4, ph\00f9 h\1ee3p cho c\00e1c ho\1ea1t \0111\1ed9ng v\1eadn \0111\1ed9ng m\1ea1nh.', 220000.00, 220000.00, U&'\00c1o Thun Nam Th\1ec3 Thao Dri-Fit', 4.7, 'ao-thun-nam-the-thao-dri-fit', 'https://example.com/ao-thun-the-thao.jpg', UUID 'e57ed152-c8cc-49f8-83d6-aeba99e64813', UUID '020bf8ed-ec0e-4935-b874-20a690dcee75');             
INSERT INTO "PUBLIC"."PRODUCTS" VALUES(UUID '9bf71bfa-3496-47b9-8983-edf92c1e9c66', 'VND', U&'\00c1o polo nam ch\1ea5t c\00e1 s\1ea5u co gi\00e3n, c\1ed5 b\1ebb thanh l\1ecbch, bo tay ch\1ec9n chu, ph\00f9 h\1ee3p \0111i l\00e0m v\00e0 \0111i ch\01a1i.', 290000.00, 290000.00, U&'\00c1o Thun Polo Nam C\1ed5 B\1ebb L\1ecbch L\00e3m', 4.6, 'ao-thun-polo-nam-co-be-lich-lam', 'https://example.com/ao-polo-nam.jpg', UUID 'e57ed152-c8cc-49f8-83d6-aeba99e64813', UUID '020bf8ed-ec0e-4935-b874-20a690dcee75');        
INSERT INTO "PUBLIC"."PRODUCTS" VALUES(UUID '3b7f618a-3baa-43f6-9ea1-ff2516a0b93d', 'VND', U&'Thi\1ebft k\1ebf form r\1ed9ng tay l\1ee1 c\00e1 t\00ednh, ch\1ea5t li\1ec7u v\1ea3i d\00e0y d\1eb7n \0111\1ecbnh h\00ecnh form t\1ed1t, h\00ecnh in s\1eafc n\00e9t.', 250000.00, 250000.00, U&'\00c1o Thun Nam Oversize Phong C\00e1ch \0110\01b0\1eddng Ph\1ed1', 4.9, 'ao-thun-nam-oversize-phong-cach-uong-pho', 'https://example.com/ao-thun-oversize.jpg', UUID 'e57ed152-c8cc-49f8-83d6-aeba99e64813', UUID '020bf8ed-ec0e-4935-b874-20a690dcee75');     
INSERT INTO "PUBLIC"."PRODUCTS" VALUES(UUID '24a2eeca-8635-4229-874e-d67a7a922889', 'VND', U&'\00c1o thun nam c\1ed5 tim nh\1eb9 nh\00e0ng, tinh t\1ebf, ch\1ea5t thun m\1ec1m m\1ecbn t\00f4n d\00e1ng ng\01b0\1eddi m\1eb7c.', 195000.00, 195000.00, U&'\00c1o Thun Nam C\1ed5 Tim H\00e0n Qu\1ed1c', 4.4, 'ao-thun-nam-co-tim-han-quoc', 'https://example.com/ao-thun-co-tim.jpg', UUID 'e57ed152-c8cc-49f8-83d6-aeba99e64813', UUID '020bf8ed-ec0e-4935-b874-20a690dcee75');               
INSERT INTO "PUBLIC"."PRODUCTS" VALUES(UUID '13c62415-c500-45ef-804a-ca33b0a33229', 'VND', U&'\00c1o thun d\00e0i tay v\1ea3i t\0103m d\00e0y d\1eb7n v\1eeba ph\1ea3i, gi\1eef \1ea5m nh\1eb9 cho nh\1eefng ng\00e0y th\1eddi ti\1ebft se l\1ea1nh.', 240000.00, 240000.00, U&'\00c1o Thun Nam Tay D\00e0i Thu \0110\00f4ng', 4.5, 'ao-thun-nam-tay-dai-thu-ong', 'https://example.com/ao-thun-tay-dai.jpg', UUID 'e57ed152-c8cc-49f8-83d6-aeba99e64813', UUID '020bf8ed-ec0e-4935-b874-20a690dcee75');       
INSERT INTO "PUBLIC"."PRODUCTS" VALUES(UUID '0a838234-f9ec-4616-bb3a-c049e12814d1', 'VND', U&'H\1ecda ti\1ebft r\1eb1n ri qu\00e2n \0111\1ed9i \0111\1ed9c \0111\00e1o, ch\1ea5t v\1ea3i b\1ec1n b\1ec9, mang l\1ea1i v\1ebb ngo\00e0i nam t\00ednh, b\1ee5i b\1eb7m.', 210000.00, 210000.00, U&'\00c1o Thun Nam H\1ecda Ti\1ebft Camo C\00e1 T\00ednh', 4.6, 'ao-thun-nam-hoa-tiet-camo-ca-tinh', 'https://example.com/ao-thun-camo.jpg', UUID 'e57ed152-c8cc-49f8-83d6-aeba99e64813', UUID '020bf8ed-ec0e-4935-b874-20a690dcee75');          
INSERT INTO "PUBLIC"."PRODUCTS" VALUES(UUID 'bb4db49d-0c14-4164-a659-537c77ab9e8c', 'VND', U&'\00c1o ba l\1ed7 s\00e1t n\00e1ch nam, kho\00e9t n\00e1ch v\1eeba ph\1ea3i, l\00fd t\01b0\1edfng cho vi\1ec7c t\1eadp gym ho\1eb7c m\1eb7c \1edf nh\00e0.', 150000.00, 150000.00, U&'\00c1o Thun Tank Top Nam S\00e1t N\00e1ch', 4.7, 'ao-thun-tank-top-nam-sat-nach', 'https://example.com/ao-tanktop.jpg', UUID 'e57ed152-c8cc-49f8-83d6-aeba99e64813', UUID '020bf8ed-ec0e-4935-b874-20a690dcee75');          
INSERT INTO "PUBLIC"."PRODUCTS" VALUES(UUID 'f297cca7-b7fc-4883-a55e-05fbae44f3fb', 'VND', U&'H\1ecda ti\1ebft s\1ecdc k\1ebb ngang c\1ed5 \0111i\1ec3n, kh\00f4ng bao gi\1edd l\1ed7i m\1ed1t, d\1ec5 ph\1ed1i v\1edbi qu\1ea7n short ho\1eb7c jeans.', 195000.00, 195000.00, U&'\00c1o Thun Nam S\1ecdc Ngang Retro', 4.5, 'ao-thun-nam-soc-ngang-retro', 'https://example.com/ao-thun-soc-ngang.jpg', UUID 'e57ed152-c8cc-49f8-83d6-aeba99e64813', UUID '020bf8ed-ec0e-4935-b874-20a690dcee75');            
INSERT INTO "PUBLIC"."PRODUCTS" VALUES(UUID 'ab7cabbc-b62b-414e-93d0-160cb6079a40', 'VND', U&'S\1ef1 k\1ebft h\1ee3p gi\1eefa c\1ed5 tr\00f2n basic v\00e0 h\00e0ng n\00fat c\1ee7a \00e1o polo t\1ea1o n\00ean n\00e9t ph\00e1 c\00e1ch v\1eeba b\1ee5i b\1eb7m v\1eeba l\1ecbch s\1ef1.', 230000.00, 230000.00, U&'\00c1o Thun Henly Nam N\00fat C\1ed5 \0110\1ed9c \0110\00e1o', 4.6, 'ao-thun-henly-nam-nut-co-oc-ao', 'https://example.com/ao-thun-henley.jpg', UUID 'e57ed152-c8cc-49f8-83d6-aeba99e64813', UUID '020bf8ed-ec0e-4935-b874-20a690dcee75');
ALTER TABLE "PUBLIC"."PRODUCT_VANRIANTS" ADD CONSTRAINT "PUBLIC"."UKC6C51B14K060JQOJIVFIOEDQB" UNIQUE("SKU");  
ALTER TABLE "PUBLIC"."PRODUCTS" ADD CONSTRAINT "PUBLIC"."UKOSTQ1EC3TOAFNJOK09Y9L7DOX" UNIQUE("SLUG");          
ALTER TABLE "PUBLIC"."CATEGORIES" ADD CONSTRAINT "PUBLIC"."UKOUL14HO7BCTBEFV8JYWP5V3I2" UNIQUE("SLUG");        
ALTER TABLE "PUBLIC"."ATTRIBUTES" ADD CONSTRAINT "PUBLIC"."UK18G18QHQ8YJ7BM9CU00UROO06" UNIQUE("SLUG");        
ALTER TABLE "PUBLIC"."CATEGORIES" ADD CONSTRAINT "PUBLIC"."FKSAOK720GSU4U2WRGBK10B5N8D" FOREIGN KEY("PARENT_ID") REFERENCES "PUBLIC"."CATEGORIES"("ID") NOCHECK;               
ALTER TABLE "PUBLIC"."ASSIGNED_VARIANT_ATTRIBUTES" ADD CONSTRAINT "PUBLIC"."FKK4K9BBT7WC30CI46B6XF5XI7K" FOREIGN KEY("ATTRIBUTE_ID") REFERENCES "PUBLIC"."ATTRIBUTES"("ID") NOCHECK;           
ALTER TABLE "PUBLIC"."ASSIGNED_VARIANT_ATTRIBUTE_VALUES" ADD CONSTRAINT "PUBLIC"."FKKUOGUP287QVYQ00D6PJQ8M66I" FOREIGN KEY("ATTRIBUTE_VALUE_ID") REFERENCES "PUBLIC"."ATTRIBUTE_VALUES"("ID") NOCHECK;         
ALTER TABLE "PUBLIC"."ASSIGNED_VARIANT_ATTRIBUTE_VALUES" ADD CONSTRAINT "PUBLIC"."FKISSUQ2JS8SGX5KM399MC7SLGK" FOREIGN KEY("ASSIGNED_VARIANT_ATTRIBUTE_ID") REFERENCES "PUBLIC"."ASSIGNED_VARIANT_ATTRIBUTES"("ID") NOCHECK;   
ALTER TABLE "PUBLIC"."PRODUCT_VANRIANTS" ADD CONSTRAINT "PUBLIC"."FKH7QEVH28DK5OPN4V25Y2UYTIY" FOREIGN KEY("PRODUCT_ID") REFERENCES "PUBLIC"."PRODUCTS"("ID") NOCHECK;         
ALTER TABLE "PUBLIC"."PRODUCTS" ADD CONSTRAINT "PUBLIC"."FKRV6OG3B2QLAHVKA0BXN7BTYQD" FOREIGN KEY("PRODUCT_TYPE_ID") REFERENCES "PUBLIC"."PRODUCT_TYPES"("ID") NOCHECK;        
ALTER TABLE "PUBLIC"."PRODUCTS" ADD CONSTRAINT "PUBLIC"."FKOG2RP4QTHBTT2LFYHFO32LSW9" FOREIGN KEY("CATEGORY_ID") REFERENCES "PUBLIC"."CATEGORIES"("ID") NOCHECK;               
ALTER TABLE "PUBLIC"."ATTRIBUTE_VALUES" ADD CONSTRAINT "PUBLIC"."FKKAQ0FVNIVYRMQU857UY04XGMM" FOREIGN KEY("ATTRIBUTE_ID") REFERENCES "PUBLIC"."ATTRIBUTES"("ID") NOCHECK;      
ALTER TABLE "PUBLIC"."ASSIGNED_VARIANT_ATTRIBUTES" ADD CONSTRAINT "PUBLIC"."FKOUDN0YSHAOEK9KTDCEXH4T7AW" FOREIGN KEY("VARIANT_ID") REFERENCES "PUBLIC"."PRODUCT_VANRIANTS"("ID") NOCHECK;      
